{
  "hash": "29543d03",
  "configHash": "7c6e5bf1",
  "lockfileHash": "0b9d090f",
  "browserHash": "b1e4639e",
  "optimized": {
    "@angular/common": {
      "src": "../../../../../node_modules/@angular/common/fesm2022/common.mjs",
      "file": "@angular_common.js",
      "fileHash": "2fad5d4f",
      "needsInterop": false
    },
    "@angular/core": {
      "src": "../../../../../node_modules/@angular/core/fesm2022/core.mjs",
      "file": "@angular_core.js",
      "fileHash": "76735df6",
      "needsInterop": false
    },
    "@angular/platform-browser": {
      "src": "../../../../../node_modules/@angular/platform-browser/fesm2022/platform-browser.mjs",
      "file": "@angular_platform-browser.js",
      "fileHash": "b21a99de",
      "needsInterop": false
    },
    "@angular/platform-server": {
      "src": "../../../../../node_modules/@angular/platform-server/fesm2022/platform-server.mjs",
      "file": "@angular_platform-server.js",
      "fileHash": "830c9312",
      "needsInterop": false
    },
    "@angular/router": {
      "src": "../../../../../node_modules/@angular/router/fesm2022/router.mjs",
      "file": "@angular_router.js",
      "fileHash": "5026db1b",
      "needsInterop": false
    },
    "my-library/button": {
      "src": "../../../../../my-library/fesm2022/my-library-button.mjs",
      "file": "my-library_button.js",
      "fileHash": "a6bc7428",
      "needsInterop": false
    },
    "my-library/input": {
      "src": "../../../../../my-library/fesm2022/my-library-input.mjs",
      "file": "my-library_input.js",
      "fileHash": "9a8d2ce0",
      "needsInterop": false
    }
  },
  "chunks": {
    "chunk-BIA4LAHN": {
      "file": "chunk-BIA4LAHN.js"
    },
    "chunk-XKMCCLCQ": {
      "file": "chunk-XKMCCLCQ.js"
    },
    "chunk-GPPHCCFQ": {
      "file": "chunk-GPPHCCFQ.js"
    },
    "xhr2-AQ42KH57": {
      "file": "xhr2-AQ42KH57.js"
    },
    "chunk-NQ4HTGF6": {
      "file": "chunk-NQ4HTGF6.js"
    }
  }
}