{
  "hash": "0651b063",
  "configHash": "395e442a",
  "lockfileHash": "0b9d090f",
  "browserHash": "5b2d49bd",
  "optimized": {
    "@angular/common": {
      "src": "../../../../../node_modules/@angular/common/fesm2022/common.mjs",
      "file": "@angular_common.js",
      "fileHash": "af5d4271",
      "needsInterop": false
    },
    "@angular/core": {
      "src": "../../../../../node_modules/@angular/core/fesm2022/core.mjs",
      "file": "@angular_core.js",
      "fileHash": "61257994",
      "needsInterop": false
    },
    "@angular/platform-browser": {
      "src": "../../../../../node_modules/@angular/platform-browser/fesm2022/platform-browser.mjs",
      "file": "@angular_platform-browser.js",
      "fileHash": "12911c22",
      "needsInterop": false
    },
    "@angular/router": {
      "src": "../../../../../node_modules/@angular/router/fesm2022/router.mjs",
      "file": "@angular_router.js",
      "fileHash": "86d4901c",
      "needsInterop": false
    },
    "my-library/button": {
      "src": "../../../../../my-library/fesm2022/my-library-button.mjs",
      "file": "my-library_button.js",
      "fileHash": "2f42c01a",
      "needsInterop": false
    },
    "my-library/input": {
      "src": "../../../../../my-library/fesm2022/my-library-input.mjs",
      "file": "my-library_input.js",
      "fileHash": "4f8b45a4",
      "needsInterop": false
    }
  },
  "chunks": {
    "chunk-LBXA43VN": {
      "file": "chunk-LBXA43VN.js"
    },
    "chunk-XD3Y76EE": {
      "file": "chunk-XD3Y76EE.js"
    },
    "chunk-IKJ4S2J2": {
      "file": "chunk-IKJ4S2J2.js"
    }
  }
}